,effover,R,param_00_crop,param_01_soildepthF,param_02_pref,param_03_arnoB,param_04_interF,param_05_reces,param_06_CCM,param_07_normalStorageLimit,param_08_No
0,0.5971599288560019,0.5971599288560019,1.7610624936547328,1.5,3.0812796758138274,0.017433068679290176,0.33,3.9765804307601034,10.0,0.85,3968317.0
